test-run,type,round trip time (ms)
0,direct,1245.622158050537
0,rm,1263.7321949005127
1,direct,1245.5527782440186
1,rm,1145.9064483642578
2,direct,1238.868236541748
2,rm,1152.5678634643555
3,direct,1240.1139736175537
3,rm,1140.606164932251
4,direct,1244.5461750030518
4,rm,1142.7783966064453
