test-run,type,round trip time (ms)
0,direct,1493.7353134155273
0,rm,1529.6387672424316
1,direct,1492.3362731933594
1,rm,1156.0964584350586
2,direct,1497.5905418395996
2,rm,1166.377305984497
3,direct,1490.9522533416748
3,rm,1153.0237197875977
4,direct,1496.9043731689453
4,rm,1158.8139533996582
