test-run,type,round trip time (ms)
0,direct,1024.3079662322998
0,rm,1086.7302417755127
1,direct,1022.6659774780273
1,rm,1046.029806137085
2,direct,1025.4147052764893
2,rm,1046.645164489746
3,direct,1039.7632122039795
3,rm,1052.4630546569824
4,direct,1023.8912105560303
4,rm,1044.0709590911865
