test-run,system,type,round trip time (ms)
0,rm,start,10274.040222167969
0,rm,stop,3531.9135189056396
0,k8s,start,2661.2980365753174
0,k8s,stop,45.32909393310547
1,rm,start,10123.459577560425
1,rm,stop,3579.828977584839
1,k8s,start,2346.0638523101807
1,k8s,stop,40.52996635437012
2,rm,start,10394.241333007812
2,rm,stop,3410.5310440063477
2,k8s,start,2651.4174938201904
2,k8s,stop,43.06602478027344
