test-run,system,type,round trip time (ms)
0,rm,start,6817.239046096802
0,rm,stop,2487.787961959839
0,k8s,start,2863.393783569336
0,k8s,stop,47.631263732910156
1,rm,start,6764.001846313477
1,rm,stop,2562.144994735718
1,k8s,start,4385.061264038086
1,k8s,stop,42.978763580322266
2,rm,start,6741.811513900757
2,rm,stop,2456.2437534332275
2,k8s,start,2600.2285480499268
2,k8s,stop,40.390968322753906
