test-run,system,type,round trip time (ms)
0,rm,start,26762.285470962524
0,rm,stop,14083.600759506226
0,k8s,start,7033.3251953125
0,k8s,stop,150.1610279083252
1,rm,start,27051.700592041016
1,rm,stop,15256.89172744751
1,k8s,start,8988.692283630371
1,k8s,stop,137.4516487121582
2,rm,start,26672.794580459595
2,rm,stop,14035.555839538574
2,k8s,start,8888.242244720459
2,k8s,stop,161.0848903656006
