test-run,system,type,round trip time (ms)
0,rm,start,50105.31163215637
0,rm,stop,31304.697275161743
0,k8s,start,11033.61964225769
0,k8s,stop,214.2796516418457
1,rm,start,49495.66197395325
1,rm,stop,31179.555416107178
1,k8s,start,12865.908145904541
1,k8s,stop,207.0600986480713
2,rm,start,52796.39196395874
2,rm,stop,31990.599870681763
2,k8s,start,14138.65327835083
2,k8s,stop,289.60466384887695
