test-run,system,type,round trip time (ms)
0,rm,start,75986.25135421753
0,rm,stop,56266.6757106781
0,k8s,start,13689.532279968262
0,k8s,stop,616.7316436767578
1,rm,start,77864.42470550537
1,rm,stop,52396.106243133545
1,k8s,start,15776.143789291382
1,k8s,stop,316.91598892211914
2,rm,start,77286.46612167358
2,rm,stop,55981.77242279053
2,k8s,start,28244.834661483765
2,k8s,stop,345.1685905456543
