test-run,system,type,round trip time (ms)
0,rm,start,104269.29378509521
0,rm,stop,89324.42855834961
0,k8s,start,17403.144598007202
0,k8s,stop,714.0772342681885
1,rm,start,109247.08700180054
1,rm,stop,85739.17579650879
1,k8s,start,25662.1036529541
1,k8s,stop,425.49681663513184
2,rm,start,109374.57489967346
2,rm,stop,91452.93068885803
2,k8s,start,21013.946294784546
2,k8s,stop,387.5918388366699
