test-run,system,type,round trip time (ms)
0,rm,start,16707.709550857544
0,rm,stop,5547.378063201904
0,k8s,start,4660.345077514648
0,k8s,stop,75.03104209899902
1,rm,start,17069.294214248657
1,rm,stop,5436.675310134888
1,k8s,start,3898.348808288574
1,k8s,stop,60.974836349487305
2,rm,start,16945.1744556427
2,rm,stop,6896.587133407593
2,k8s,start,5099.709272384644
2,k8s,stop,69.46158409118652
