test-run,system,type,round trip time (ms)
0,rm,start,141563.08841705322
0,rm,stop,122061.66100502014
0,k8s,start,22655.1296710968
0,k8s,stop,523.3047008514404
1,rm,start,148536.2310409546
1,rm,stop,119504.76217269897
1,k8s,start,29297.011137008667
1,k8s,stop,485.38684844970703
2,rm,start,141371.1700439453
2,rm,stop,117244.21215057373
2,k8s,start,27470.25179862976
2,k8s,stop,468.59121322631836
